,S,L,dif,delited,added,delited_poses,added_poses,added_conj,delited_conj
0,"['вы', 'может', 'быть', 'подумаете', 'что', 'этот', 'суровый', 'урок', 'охладил', 'мою', 'страсть', 'к', 'воде', 'ничуть', 'не', 'бывало', 'купанье', 'не', 'излечило', 'да', 'и', 'не', 'могло', 'излечить', 'меня', 'от', 'моей', 'врожденной', 'страсти', 'хотя', 'и', 'имело', 'важное', 'значение', 'в', 'моей', 'жизни', 'тут', 'я', 'в', 'первый', 'раз', 'увидел', 'какою', 'опасностью', 'может', 'грозить', 'падение', 'в', 'воду', 'особенно', 'на', 'глубоком', 'месте']","['но', 'этот', 'суровый', 'урок', 'не', 'охладил', 'моей', 'страсти', 'к', 'воде', 'я', 'только', 'в', 'первый', 'раз', 'увидел', 'какою', 'опасностью', 'может', 'грозить', 'падение', 'в', 'воду', 'особенно', 'на', 'глубоком', 'месте']","[['+', 'но'], ['-', 'вы'], ['-', 'может'], ['-', 'быть'], ['-', 'подумаете'], ['-', 'что'], ['этот'], ['суровый'], ['урок'], ['+', 'не'], ['охладил'], ['-', 'мою'], ['+', 'моей'], ['-', 'страсть'], ['?', '^'], ['+', 'страсти'], ['?', '^'], ['к'], ['воде'], ['-', 'ничуть'], ['-', 'не'], ['-', 'бывало'], ['-', 'купанье'], ['-', 'не'], ['-', 'излечило'], ['-', 'да'], ['-', 'и'], ['-', 'не'], ['-', 'могло'], ['-', 'излечить'], ['-', 'меня'], ['-', 'от'], ['-', 'моей'], ['-', 'врожденной'], ['-', 'страсти'], ['-', 'хотя'], ['-', 'и'], ['-', 'имело'], ['-', 'важное'], ['-', 'значение'], ['-', 'в'], ['-', 'моей'], ['-', 'жизни'], ['-', 'тут'], ['я'], ['+', 'только'], ['в'], ['первый'], ['раз'], ['увидел'], ['какою'], ['опасностью'], ['может'], ['грозить'], ['падение'], ['в'], ['воду'], ['особенно'], ['на'], ['глубоком'], ['месте']]","['вы', 'может', 'быть', 'подумаете', 'что', 'мою', 'страсть', 'ничуть', 'не', 'бывало', 'купанье', 'не', 'излечило', 'да', 'и', 'не', 'могло', 'излечить', 'меня', 'от', 'моей', 'врожденной', 'страсти', 'хотя', 'и', 'имело', 'важное', 'значение', 'в', 'моей', 'жизни', 'тут']","['но', 'не', 'моей', 'страсти', 'только']","['NPRO', 'VERB', 'INFN', 'VERB', 'CONJ', 'ADJF', 'NOUN', 'ADVB', 'PRCL', 'VERB', 'NOUN', 'PRCL', 'VERB', 'PRCL', 'CONJ', 'PRCL', 'VERB', 'INFN', 'NPRO', 'PREP', 'ADJF', 'ADJF', 'NOUN', 'CONJ', 'CONJ', 'VERB', 'ADJF', 'NOUN', 'PREP', 'ADJF', 'NOUN', 'ADVB']","['CONJ', 'PRCL', 'ADJF', 'NOUN', 'PRCL']",1,4
1,"['скоро', 'я', 'забыл', 'и', 'думать', 'о', 'полученном', 'выговоре', 'и', 'мое', 'непослушание', 'как', 'вы', 'сейчас', 'увидите', 'опять', 'чуть', 'не', 'стоило', 'мне', 'жизни']","['скоро', 'я', 'забыл', 'и', 'думать', 'о', 'полученном', 'выговоре', 'и', 'мое', 'непослушание', 'опять', 'чуть', 'не', 'стоило', 'мне', 'жизни']","[['скоро'], ['я'], ['забыл'], ['и'], ['думать'], ['о'], ['полученном'], ['выговоре'], ['и'], ['мое'], ['непослушание'], ['-', 'как'], ['-', 'вы'], ['-', 'сейчас'], ['-', 'увидите'], ['опять'], ['чуть'], ['не'], ['стоило'], ['мне'], ['жизни']]","['как', 'вы', 'сейчас', 'увидите']",[],"['CONJ', 'NPRO', 'ADVB', 'VERB']",[],0,1
2,"['вы', 'конечно', 'угадываете', 'каким', 'способом', 'я', 'хотел', 'спастись', 'я', 'решил', 'взобраться', 'по', 'вехе', 'на', 'самую', 'верхушку', 'и', 'переждать', 'там', 'пока', 'не', 'наступит', 'отлив']","['я', 'решил', 'взобраться', 'по', 'вехе', 'на', 'самую', 'верхушку', 'и', 'переждать', 'там', 'пока', 'не', 'наступит', 'отлив']","[['-', 'вы'], ['-', 'конечно'], ['-', 'угадываете'], ['-', 'каким'], ['-', 'способом'], ['-', 'я'], ['-', 'хотел'], ['-', 'спастись'], ['я'], ['решил'], ['взобраться'], ['по'], ['вехе'], ['на'], ['самую'], ['верхушку'], ['и'], ['переждать'], ['там'], ['пока'], ['не'], ['наступит'], ['отлив']]","['вы', 'конечно', 'угадываете', 'каким', 'способом', 'я', 'хотел', 'спастись']",[],"['NPRO', 'CONJ', 'VERB', 'ADJF', 'NOUN', 'NPRO', 'VERB', 'INFN']",[],0,1
3,"['само', 'собой', 'разумеется', 'я', 'совсем', 'не', 'считал', 'надежным', 'свое', 'убежище', 'не', 'достававшее', 'к', 'тому', 'же', 'до', 'ватерлинии', 'и', 'если', 'хотите', 'знать', 'правду', 'очень', 'боялся', 'за', 'будущее']","['я', 'совсем', 'не', 'считал', 'надежным', 'свое', 'убежище', 'не', 'достававшее', 'к', 'тому', 'же', 'до', 'черты', 'прилива', 'и', 'очень', 'боялся', 'за', 'будущее']","[['-', 'само'], ['-', 'собой'], ['-', 'разумеется'], ['я'], ['совсем'], ['не'], ['считал'], ['надежным'], ['свое'], ['убежище'], ['не'], ['достававшее'], ['к'], ['тому'], ['же'], ['до'], ['-', 'ватерлинии'], ['+', 'черты'], ['+', 'прилива'], ['и'], ['-', 'если'], ['-', 'хотите'], ['-', 'знать'], ['-', 'правду'], ['очень'], ['боялся'], ['за'], ['будущее']]","['само', 'собой', 'разумеется', 'ватерлинии', 'если', 'хотите', 'знать', 'правду']","['черты', 'прилива']","['ADJF', 'NPRO', 'CONJ', 'NOUN', 'CONJ', 'VERB', 'INFN', 'NOUN']","['NOUN', 'NOUN']",0,2
4,"['теперь', 'как', 'вы', 'думаете', 'каким', 'образом', 'воспользовался', 'я', 'своей', 'курткой', 'вы', 'может', 'быть', 'думаете', 'что', 'я', 'разорвал', 'ее', 'на', 'полосы', 'чтобы', 'заменить', 'ими', 'веревки', 'нет', 'это', 'было', 'бы', 'довольно', 'трудно', 'для', 'пловца']","['сначала', 'я', 'хотел', 'разорвать', 'ее', 'на', 'полосы', 'чтобы', 'заменить', 'ими', 'веревки', 'но', 'это', 'было', 'бы', 'довольно', 'трудно', 'для', 'пловца']","[['+', 'сначала'], ['-', 'теперь'], ['-', 'как'], ['-', 'вы'], ['-', 'думаете'], ['-', 'каким'], ['-', 'образом'], ['-', 'воспользовался'], ['я'], ['+', 'хотел'], ['-', 'своей'], ['-', 'курткой'], ['-', 'вы'], ['-', 'может'], ['-', 'быть'], ['-', 'думаете'], ['-', 'что'], ['-', 'я'], ['-', 'разорвал'], ['?', '^'], ['+', 'разорвать'], ['?', '^^'], ['ее'], ['на'], ['полосы'], ['чтобы'], ['заменить'], ['ими'], ['веревки'], ['-', 'нет'], ['+', 'но'], ['это'], ['было'], ['бы'], ['довольно'], ['трудно'], ['для'], ['пловца']]","['теперь', 'как', 'вы', 'думаете', 'каким', 'образом', 'воспользовался', 'своей', 'курткой', 'вы', 'может', 'быть', 'думаете', 'что', 'я', 'разорвал', 'нет']","['сначала', 'хотел', 'разорвать', 'но']","['ADVB', 'CONJ', 'NPRO', 'VERB', 'ADJF', 'NOUN', 'VERB', 'ADJF', 'NOUN', 'NPRO', 'VERB', 'INFN', 'VERB', 'CONJ', 'NPRO', 'VERB', 'PRED']","['ADVB', 'VERB', 'INFN', 'CONJ']",1,2
5,"['этот', 'несчастный', 'случай', 'до', 'такой', 'степени', 'меня', 'напугал', 'что', 'мне', 'и', 'в', 'голову', 'не', 'пришло', 'искать', 'мой', 'шлюп', 'и', 'он', 'так', 'и', 'остался', 'странствовать', 'по', 'озеру', 'носясь', 'по', 'воле', 'ветра', 'а', 'сам', 'я', 'во', 'весь', 'дух', 'полетел', 'стр', 'домой', 'где', 'и', 'стал', 'сушить', 'у', 'огня', 'насквозь', 'промокшую', 'одежду']","['этот', 'несчастный', 'случай', 'до', 'такой', 'степени', 'меня', 'напугал', 'что', 'мне', 'и', 'в', 'голову', 'не', 'пришло', 'искать', 'мой', 'корабль', 'и', 'он', 'так', 'и', 'остался', 'на', 'озере', 'носясь', 'по', 'воле', 'ветра', 'а', 'сам', 'я', 'во', 'весь', 'дух', 'помчался', 'домой', 'и', 'пользуясь', 'отсутствием', 'матери', 'стал', 'сушить', 'у', 'огня', 'насквозь', 'промокшую', 'одежду']","[['этот'], ['несчастный'], ['случай'], ['до'], ['такой'], ['степени'], ['меня'], ['напугал'], ['что'], ['мне'], ['и'], ['в'], ['голову'], ['не'], ['пришло'], ['искать'], ['мой'], ['-', 'шлюп'], ['+', 'корабль'], ['и'], ['он'], ['так'], ['и'], ['остался'], ['+', 'на'], ['-', 'странствовать'], ['-', 'по'], ['-', 'озеру'], ['?', '^'], ['+', 'озере'], ['?', '^'], ['носясь'], ['по'], ['воле'], ['ветра'], ['а'], ['сам'], ['я'], ['во'], ['весь'], ['дух'], ['+', 'помчался'], ['-', 'полетел'], ['-', 'стр'], ['домой'], ['-', 'где'], ['и'], ['+', 'пользуясь'], ['+', 'отсутствием'], ['+', 'матери'], ['стал'], ['сушить'], ['у'], ['огня'], ['насквозь'], ['промокшую'], ['одежду']]","['шлюп', 'странствовать', 'по', 'озеру', 'полетел', 'стр', 'где']","['корабль', 'на', 'озере', 'помчался', 'пользуясь', 'отсутствием', 'матери']","['NOUN', 'INFN', 'PREP', 'NOUN', 'VERB', 'NOUN', 'ADVB']","['NOUN', 'PREP', 'NOUN', 'VERB', 'GRND', 'NOUN', 'NOUN']",0,0
6,"['но', 'боже', 'праведный', 'что', 'я', 'увидел']","['но', 'что', 'я', 'увидел']","[['но'], ['-', 'боже'], ['-', 'праведный'], ['что'], ['я'], ['увидел']]","['боже', 'праведный']",[],"['NOUN', 'ADJF']",[],0,0
7,"['остров', 'также', 'занимал', 'пространство', 'больше', 'одного', 'акра', 'иначе', 'сказать', 'был', 'во', 'сто', 'раз', 'более', 'чем', 'я', 'предполагал']","['остров', 'также', 'занимал', 'пространство', 'больше', 'одного', 'акра', 'и', 'был', 'во', 'сто', 'раз', 'больше', 'чем', 'я', 'предполагал']","[['остров'], ['также'], ['занимал'], ['пространство'], ['больше'], ['одного'], ['акра'], ['+', 'и'], ['-', 'иначе'], ['-', 'сказать'], ['был'], ['во'], ['сто'], ['раз'], ['-', 'более'], ['+', 'больше'], ['чем'], ['я'], ['предполагал']]","['иначе', 'сказать', 'более']","['и', 'больше']","['ADVB', 'INFN', 'ADVB']","['CONJ', 'COMP']",1,0
8,"['верхняя', 'часть', 'вехи', 'я', 'это', 'знал', 'постоянно', 'выдавалась', 'над', 'водой', 'даже', 'во', 'время', 'полного', 'прилива']","['верхняя', 'часть', 'вехи', 'я', 'видел', 'это', 'с', 'берега', 'постоянно', 'выдавалась', 'над', 'водой', 'даже', 'во', 'время', 'полного', 'прилива']","[['верхняя'], ['часть'], ['вехи'], ['я'], ['+', 'видел'], ['это'], ['-', 'знал'], ['+', 'с'], ['+', 'берега'], ['постоянно'], ['выдавалась'], ['над'], ['водой'], ['даже'], ['во'], ['время'], ['полного'], ['прилива']]",['знал'],"['видел', 'с', 'берега']",['VERB'],"['VERB', 'PREP', 'NOUN']",0,0
9,"['странная', 'вещь', 'я', 'прежде', 'всего', 'взглянул', 'на', 'то', 'место', 'где', 'затонула', 'гичка', 'но', 'ее', 'и', 'следа', 'не', 'было', 'только', 'одни', 'весла', 'продолжали', 'носиться', 'по', 'волнам', 'как', 'бы', 'в', 'укор', 'моему', 'легкомыслию', 'и', 'моей', 'неосторожности']","['я', 'прежде', 'всего', 'взглянул', 'на', 'то', 'место', 'где', 'затонула', 'лодка', 'но', 'ее', 'и', 'следа', 'не', 'было', 'только', 'одни', 'весла', 'носились', 'по', 'волнам']","[['-', 'странная'], ['-', 'вещь'], ['я'], ['прежде'], ['всего'], ['взглянул'], ['на'], ['то'], ['место'], ['где'], ['затонула'], ['-', 'гичка'], ['+', 'лодка'], ['но'], ['ее'], ['и'], ['следа'], ['не'], ['было'], ['только'], ['одни'], ['весла'], ['+', 'носились'], ['-', 'продолжали'], ['-', 'носиться'], ['по'], ['волнам'], ['-', 'как'], ['-', 'бы'], ['-', 'в'], ['-', 'укор'], ['-', 'моему'], ['-', 'легкомыслию'], ['-', 'и'], ['-', 'моей'], ['-', 'неосторожности']]","['странная', 'вещь', 'гичка', 'продолжали', 'носиться', 'как', 'бы', 'в', 'укор', 'моему', 'легкомыслию', 'и', 'моей', 'неосторожности']","['лодка', 'носились']","['ADJF', 'NOUN', 'NOUN', 'VERB', 'INFN', 'CONJ', 'PRCL', 'PREP', 'NOUN', 'ADJF', 'NOUN', 'CONJ', 'ADJF', 'NOUN']","['NOUN', 'VERB']",0,2
10,"['от', 'страха', 'ли', 'так', 'как', 'я', 'отлично', 'сознавал', 'грозящую', 'мне', 'опасность', 'или', 'же', 'по', 'какойнибудь', 'другой', 'причине', 'но', 'только', 'я', 'вдруг', 'потерял', 'способность', 'плыть', 'и', 'пошел', 'ко', 'дну', 'как', 'лот']","['я', 'уже', 'умел', 'хорошо', 'плавать', 'но', 'тут', 'вдруг', 'вероятно', 'от', 'страха', 'я', 'потерял', 'всякую', 'способность', 'плыть', 'и', 'быстро', 'пошел', 'ко', 'дну']","[['+', 'я'], ['+', 'уже'], ['+', 'умел'], ['+', 'хорошо'], ['+', 'плавать'], ['+', 'но'], ['+', 'тут'], ['+', 'вдруг'], ['+', 'вероятно'], ['от'], ['страха'], ['-', 'ли'], ['-', 'так'], ['-', 'как'], ['я'], ['-', 'отлично'], ['-', 'сознавал'], ['-', 'грозящую'], ['-', 'мне'], ['-', 'опасность'], ['-', 'или'], ['-', 'же'], ['-', 'по'], ['-', 'какойнибудь'], ['-', 'другой'], ['-', 'причине'], ['-', 'но'], ['-', 'только'], ['-', 'я'], ['-', 'вдруг'], ['потерял'], ['+', 'всякую'], ['способность'], ['плыть'], ['и'], ['+', 'быстро'], ['пошел'], ['ко'], ['дну'], ['-', 'как'], ['-', 'лот']]","['ли', 'так', 'как', 'отлично', 'сознавал', 'грозящую', 'мне', 'опасность', 'или', 'же', 'по', 'какойнибудь', 'другой', 'причине', 'но', 'только', 'я', 'вдруг', 'как', 'лот']","['я', 'уже', 'умел', 'хорошо', 'плавать', 'но', 'тут', 'вдруг', 'вероятно', 'всякую', 'быстро']","['PRCL', 'CONJ', 'CONJ', 'ADVB', 'VERB', 'PRTF', 'NPRO', 'NOUN', 'CONJ', 'PRCL', 'PREP', 'ADVB', 'ADJF', 'NOUN', 'CONJ', 'PRCL', 'NPRO', 'ADVB', 'CONJ', 'NOUN']","['NPRO', 'ADVB', 'VERB', 'ADVB', 'INFN', 'CONJ', 'ADVB', 'ADVB', 'CONJ', 'ADJF', 'ADVB']",2,5
11,"['к', 'счастью', 'для', 'меня', 'я', 'учился', 'плавать', 'и', 'был', 'даже', 'довольно', 'ловок', 'в', 'этом', 'искусстве', 'бесспорно', 'это', 'был', 'самый', 'полезный', 'талант', 'которым', 'я', 'мог', 'располагать', 'в', 'данную', 'минуту', 'не', 'умей', 'я', 'плавать', 'я', 'наверное', 'бы', 'погиб', 'если', 'бы', 'при', 'этом', 'и', 'не', 'умел', 'еще', 'хорошо', 'нырять', 'весьма', 'вероятно', 'что', 'это', 'невольное', 'ныряние', 'заставило', 'бы', 'меня', 'потерять', 'голову', 'но', 'ничего', 'этого', 'не', 'случилось']","['к', 'счастью', 'я', 'к', 'этому', 'времени', 'был', 'уже', 'хорошим', 'пловцом', 'не', 'умей', 'я', 'плавать', 'и', 'нырять', 'я', 'наверно', 'бы', 'погиб']","[['к'], ['счастью'], ['-', 'для'], ['-', 'меня'], ['я'], ['-', 'учился'], ['-', 'плавать'], ['-', 'и'], ['+', 'к'], ['+', 'этому'], ['+', 'времени'], ['был'], ['+', 'уже'], ['+', 'хорошим'], ['+', 'пловцом'], ['-', 'даже'], ['-', 'довольно'], ['-', 'ловок'], ['-', 'в'], ['-', 'этом'], ['-', 'искусстве'], ['-', 'бесспорно'], ['-', 'это'], ['-', 'был'], ['-', 'самый'], ['-', 'полезный'], ['-', 'талант'], ['-', 'которым'], ['-', 'я'], ['-', 'мог'], ['-', 'располагать'], ['-', 'в'], ['-', 'данную'], ['-', 'минуту'], ['не'], ['умей'], ['я'], ['плавать'], ['+', 'и'], ['+', 'нырять'], ['я'], ['-', 'наверное'], ['?', '-'], ['+', 'наверно'], ['бы'], ['погиб'], ['-', 'если'], ['-', 'бы'], ['-', 'при'], ['-', 'этом'], ['-', 'и'], ['-', 'не'], ['-', 'умел'], ['-', 'еще'], ['-', 'хорошо'], ['-', 'нырять'], ['-', 'весьма'], ['-', 'вероятно'], ['-', 'что'], ['-', 'это'], ['-', 'невольное'], ['-', 'ныряние'], ['-', 'заставило'], ['-', 'бы'], ['-', 'меня'], ['-', 'потерять'], ['-', 'голову'], ['-', 'но'], ['-', 'ничего'], ['-', 'этого'], ['-', 'не'], ['-', 'случилось']]","['для', 'меня', 'учился', 'плавать', 'и', 'даже', 'довольно', 'ловок', 'в', 'этом', 'искусстве', 'бесспорно', 'это', 'был', 'самый', 'полезный', 'талант', 'которым', 'я', 'мог', 'располагать', 'в', 'данную', 'минуту', 'наверное', 'если', 'бы', 'при', 'этом', 'и', 'не', 'умел', 'еще', 'хорошо', 'нырять', 'весьма', 'вероятно', 'что', 'это', 'невольное', 'ныряние', 'заставило', 'бы', 'меня', 'потерять', 'голову', 'но', 'ничего', 'этого', 'не', 'случилось']","['к', 'этому', 'времени', 'уже', 'хорошим', 'пловцом', 'и', 'нырять', 'наверно']","['PREP', 'NPRO', 'VERB', 'INFN', 'CONJ', 'PRCL', 'ADVB', 'ADJS', 'PREP', 'NPRO', 'NOUN', 'ADJS', 'PRCL', 'VERB', 'ADJF', 'ADJF', 'NOUN', 'ADJF', 'NPRO', 'VERB', 'INFN', 'PREP', 'ADJF', 'NOUN', 'ADVB', 'CONJ', 'PRCL', 'PREP', 'NPRO', 'CONJ', 'PRCL', 'VERB', 'PRCL', 'ADVB', 'INFN', 'ADVB', 'CONJ', 'CONJ', 'PRCL', 'ADJF', 'NOUN', 'VERB', 'PRCL', 'NPRO', 'INFN', 'NOUN', 'CONJ', 'NPRO', 'NPRO', 'PRCL', 'VERB']","['PREP', 'NPRO', 'NOUN', 'ADVB', 'ADJF', 'NOUN', 'CONJ', 'INFN', 'ADVB']",1,6
12,"['если', 'бы', 'какойнибудь', 'лоцман', 'увидел', 'бы', 'меня', 'в', 'это', 'мгновение', 'в', 'свою', 'подзорную', 'трубу', 'он', 'наверное', 'подумал', 'бы', 'что', 'видит', 'перед', 'собой', 'самоубийцу', 'или', 'жертву', 'ужасного', 'преступления']","['если', 'бы', 'какойнибудь', 'лоцман', 'увидел', 'бы', 'меня', 'в', 'это', 'мгновение', 'в', 'свою', 'подзорную', 'трубу', 'он', 'наверное', 'подумал', 'бы', 'что', 'видит', 'перед', 'собой', 'самоубийцу']","[['если'], ['бы'], ['какойнибудь'], ['лоцман'], ['увидел'], ['бы'], ['меня'], ['в'], ['это'], ['мгновение'], ['в'], ['свою'], ['подзорную'], ['трубу'], ['он'], ['наверное'], ['подумал'], ['бы'], ['что'], ['видит'], ['перед'], ['собой'], ['самоубийцу'], ['-', 'или'], ['-', 'жертву'], ['-', 'ужасного'], ['-', 'преступления']]","['или', 'жертву', 'ужасного', 'преступления']",[],"['CONJ', 'NOUN', 'ADJF', 'NOUN']",[],0,1
13,"['во', 'время', 'работы', 'я', 'несколько', 'раз', 'падал', 'и', 'колени', 'мои', 'были', 'все', 'в', 'крови', 'от', 'ударов', 'о', 'твердые', 'камни', 'но', 'мне', 'некогда', 'было', 'обращать', 'внимание', 'на', 'такие', 'пустяки', 'как', 'я', 'называл', 'теперь', 'кровавые', 'ссадины', 'как', 'они', 'ни', 'были', 'тяжки', 'моя', 'жизнь', 'была', 'в', 'опасности', 'а', 'при', 'таких', 'обстоятельствах', 'не', 'задумываются', 'над', 'ничтожными', 'ранами', 'сколько', 'бы', 'их', 'ни', 'пришлось', 'получить']","['во', 'время', 'работы', 'я', 'несколько', 'раз', 'падал', 'и', 'колени', 'мои', 'были', 'все', 'в', 'крови', 'от', 'ударов', 'о', 'твердые', 'камни', 'но', 'мне', 'некогда', 'было', 'обращать', 'внимание', 'на', 'такие', 'пустяки', 'когда', 'самая', 'жизнь', 'моя', 'была', 'в', 'опасности']","[['во'], ['время'], ['работы'], ['я'], ['несколько'], ['раз'], ['падал'], ['и'], ['колени'], ['мои'], ['были'], ['все'], ['в'], ['крови'], ['от'], ['ударов'], ['о'], ['твердые'], ['камни'], ['но'], ['мне'], ['некогда'], ['было'], ['обращать'], ['внимание'], ['на'], ['такие'], ['пустяки'], ['+', 'когда'], ['+', 'самая'], ['+', 'жизнь'], ['-', 'как'], ['-', 'я'], ['-', 'называл'], ['-', 'теперь'], ['-', 'кровавые'], ['-', 'ссадины'], ['-', 'как'], ['-', 'они'], ['-', 'ни'], ['-', 'были'], ['-', 'тяжки'], ['моя'], ['-', 'жизнь'], ['была'], ['в'], ['опасности'], ['-', 'а'], ['-', 'при'], ['-', 'таких'], ['-', 'обстоятельствах'], ['-', 'не'], ['-', 'задумываются'], ['-', 'над'], ['-', 'ничтожными'], ['-', 'ранами'], ['-', 'сколько'], ['-', 'бы'], ['-', 'их'], ['-', 'ни'], ['-', 'пришлось'], ['-', 'получить']]","['как', 'я', 'называл', 'теперь', 'кровавые', 'ссадины', 'как', 'они', 'ни', 'были', 'тяжки', 'жизнь', 'а', 'при', 'таких', 'обстоятельствах', 'не', 'задумываются', 'над', 'ничтожными', 'ранами', 'сколько', 'бы', 'их', 'ни', 'пришлось', 'получить']","['когда', 'самая', 'жизнь']","['CONJ', 'NPRO', 'VERB', 'ADVB', 'ADJF', 'NOUN', 'CONJ', 'NPRO', 'PRCL', 'VERB', 'ADJS', 'NOUN', 'CONJ', 'PREP', 'ADJF', 'NOUN', 'PRCL', 'VERB', 'PREP', 'ADJF', 'NOUN', 'CONJ', 'PRCL', 'NPRO', 'PRCL', 'VERB', 'INFN']","['CONJ', 'ADJF', 'NOUN']",1,4
14,"['рядом', 'с', 'матросами', 'стоял', 'высокого', 'роста', 'моряк', 'в', 'синем', 'сюртуке', 'и', 'таких', 'же', 'панталонах', 'которого', 'я', 'принял', 'за', 'капитана', 'вообразив', 'себе', 'почемуто', 'что', 'капитан', 'такого', 'красивого', 'корабля', 'должен', 'быть', 'непременно', 'великан', 'одетый', 'именно', 'в', 'такой', 'великолепный', 'костюм']","['рядом', 'с', 'матросами', 'стоял', 'высокого', 'роста', 'моряк', 'в', 'синем', 'сюртуке', 'и', 'таких', 'же', 'панталонах', 'я', 'сразу', 'решил', 'что', 'это', 'капитан']","[['рядом'], ['с'], ['матросами'], ['стоял'], ['высокого'], ['роста'], ['моряк'], ['в'], ['синем'], ['сюртуке'], ['и'], ['таких'], ['же'], ['панталонах'], ['-', 'которого'], ['я'], ['+', 'сразу'], ['+', 'решил'], ['-', 'принял'], ['-', 'за'], ['-', 'капитана'], ['-', 'вообразив'], ['-', 'себе'], ['-', 'почемуто'], ['что'], ['+', 'это'], ['капитан'], ['-', 'такого'], ['-', 'красивого'], ['-', 'корабля'], ['-', 'должен'], ['-', 'быть'], ['-', 'непременно'], ['-', 'великан'], ['-', 'одетый'], ['-', 'именно'], ['-', 'в'], ['-', 'такой'], ['-', 'великолепный'], ['-', 'костюм']]","['которого', 'принял', 'за', 'капитана', 'вообразив', 'себе', 'почемуто', 'такого', 'красивого', 'корабля', 'должен', 'быть', 'непременно', 'великан', 'одетый', 'именно', 'в', 'такой', 'великолепный', 'костюм']","['сразу', 'решил', 'это']","['ADJF', 'VERB', 'PREP', 'NOUN', 'GRND', 'NPRO', 'PRTS', 'ADJF', 'ADJF', 'NOUN', 'ADJS', 'INFN', 'ADVB', 'NOUN', 'ADJF', 'PRCL', 'PREP', 'ADJF', 'ADJF', 'NOUN']","['ADVB', 'VERB', 'PRCL']",0,0
15,"['на', 'озере', 'водилось', 'с', 'полдюжины', 'лебедей', 'если', 'память', 'мне', 'не', 'изменяет', 'но', 'кроме', 'того', 'много', 'еще', 'разных', 'водных', 'птиц', 'все', 'редких', 'пород', 'детям', 'доставляло', 'большое', 'удовольствие', 'кормить', 'этих', 'птиц']","['на', 'озере', 'водилось', 'с', 'полдюжины', 'лебедей', 'и', 'много', 'еще', 'других', 'водных', 'птиц', 'нам', 'детям', 'доставляло', 'большое', 'удовольствие', 'кормить', 'этих', 'птиц']","[['на'], ['озере'], ['водилось'], ['с'], ['полдюжины'], ['лебедей'], ['+', 'и'], ['-', 'если'], ['-', 'память'], ['-', 'мне'], ['-', 'не'], ['-', 'изменяет'], ['-', 'но'], ['-', 'кроме'], ['-', 'того'], ['много'], ['еще'], ['-', 'разных'], ['+', 'других'], ['водных'], ['птиц'], ['+', 'нам'], ['-', 'все'], ['-', 'редких'], ['-', 'пород'], ['детям'], ['доставляло'], ['большое'], ['удовольствие'], ['кормить'], ['этих'], ['птиц']]","['если', 'память', 'мне', 'не', 'изменяет', 'но', 'кроме', 'того', 'разных', 'все', 'редких', 'пород']","['и', 'других', 'нам']","['CONJ', 'NOUN', 'NPRO', 'PRCL', 'VERB', 'CONJ', 'PREP', 'ADJF', 'ADJF', 'ADJF', 'ADJF', 'NOUN']","['CONJ', 'ADJF', 'NPRO']",1,2
16,"['убедившись', 'что', 'земля', 'далеко', 'и', 'их', 'не', 'могут', 'высадить', 'назад']","['убедившись', 'что', 'земля', 'далеко', 'и', 'их', 'не', 'могут', 'высадить']","[['убедившись'], ['что'], ['земля'], ['далеко'], ['и'], ['их'], ['не'], ['могут'], ['высадить'], ['-', 'назад']]",['назад'],[],['ADVB'],[],0,0
17,"['прислушавшись', 'я', 'убедился', 'что', 'предположение', 'мое', 'верно', 'это', 'в', 'самом', 'деле', 'вертелся', 'шпиль', 'на', 'который', 'наматывали', 'толстую', 'железную', 'цепь', 'несмотря', 'на', 'то', 'что', 'работа', 'производилась', 'довольно', 'далеко', 'от', 'меня', 'я', 'всетаки', 'слышал', 'возню', 'довольно', 'отчетливо', 'и', 'по', 'ней', 'мог', 'определить', 'что', 'происходит', 'в', 'эту', 'минуту', 'на', 'палубе', 'там', 'поднимали', 'якорь']","['на', 'палубе', 'повидимому', 'поднимали', 'якорь']","[['-', 'прислушавшись'], ['-', 'я'], ['-', 'убедился'], ['-', 'что'], ['-', 'предположение'], ['-', 'мое'], ['-', 'верно'], ['-', 'это'], ['-', 'в'], ['-', 'самом'], ['-', 'деле'], ['-', 'вертелся'], ['-', 'шпиль'], ['-', 'на'], ['-', 'который'], ['-', 'наматывали'], ['-', 'толстую'], ['-', 'железную'], ['-', 'цепь'], ['-', 'несмотря'], ['-', 'на'], ['-', 'то'], ['-', 'что'], ['-', 'работа'], ['-', 'производилась'], ['-', 'довольно'], ['-', 'далеко'], ['-', 'от'], ['-', 'меня'], ['-', 'я'], ['-', 'всетаки'], ['-', 'слышал'], ['-', 'возню'], ['-', 'довольно'], ['-', 'отчетливо'], ['-', 'и'], ['-', 'по'], ['-', 'ней'], ['-', 'мог'], ['-', 'определить'], ['-', 'что'], ['-', 'происходит'], ['-', 'в'], ['-', 'эту'], ['-', 'минуту'], ['на'], ['палубе'], ['-', 'там'], ['+', 'повидимому'], ['поднимали'], ['якорь']]","['прислушавшись', 'я', 'убедился', 'что', 'предположение', 'мое', 'верно', 'это', 'в', 'самом', 'деле', 'вертелся', 'шпиль', 'на', 'который', 'наматывали', 'толстую', 'железную', 'цепь', 'несмотря', 'на', 'то', 'что', 'работа', 'производилась', 'довольно', 'далеко', 'от', 'меня', 'я', 'всетаки', 'слышал', 'возню', 'довольно', 'отчетливо', 'и', 'по', 'ней', 'мог', 'определить', 'что', 'происходит', 'в', 'эту', 'минуту', 'там']",['повидимому'],"['GRND', 'NPRO', 'VERB', 'CONJ', 'NOUN', 'ADJF', 'CONJ', 'PRCL', 'PREP', 'ADJF', 'NOUN', 'VERB', 'NOUN', 'PREP', 'ADJF', 'VERB', 'ADJF', 'ADJF', 'NOUN', 'PREP', 'PREP', 'CONJ', 'CONJ', 'NOUN', 'VERB', 'ADVB', 'ADVB', 'PREP', 'NPRO', 'NPRO', 'NOUN', 'VERB', 'NOUN', 'ADVB', 'ADVB', 'CONJ', 'PREP', 'NPRO', 'VERB', 'INFN', 'CONJ', 'VERB', 'PREP', 'ADJF', 'NOUN', 'ADVB']",['ADJF'],0,6
18,"['мне', 'казалось', 'что', 'легким', 'моим', 'не', 'хватало', 'места', 'в', 'моей', 'больной', 'груди', 'я', 'задыхался']","['я', 'задыхался']","[['-', 'мне'], ['-', 'казалось'], ['-', 'что'], ['-', 'легким'], ['-', 'моим'], ['-', 'не'], ['-', 'хватало'], ['-', 'места'], ['-', 'в'], ['-', 'моей'], ['-', 'больной'], ['-', 'груди'], ['я'], ['задыхался']]","['мне', 'казалось', 'что', 'легким', 'моим', 'не', 'хватало', 'места', 'в', 'моей', 'больной', 'груди']",[],"['NPRO', 'CONJ', 'CONJ', 'NOUN', 'ADJF', 'PRCL', 'VERB', 'NOUN', 'PREP', 'ADJF', 'ADJF', 'NOUN']",[],0,2
19,"['еще', 'когда', 'я', 'прятался', 'за', 'свою', 'спасательную', 'бочку', 'то', 'заметил', 'что', 'свет', 'проникал', 'через', 'люк', 'до', 'самого', 'дна', 'трюма']","['когда', 'я', 'прятался', 'то', 'заметил', 'что', 'свет', 'проникал', 'через', 'люк', 'до', 'самого', 'дна', 'трюма']","[['-', 'еще'], ['когда'], ['я'], ['прятался'], ['-', 'за'], ['-', 'свою'], ['-', 'спасательную'], ['-', 'бочку'], ['то'], ['заметил'], ['что'], ['свет'], ['проникал'], ['через'], ['люк'], ['до'], ['самого'], ['дна'], ['трюма']]","['еще', 'за', 'свою', 'спасательную', 'бочку']",[],"['PRCL', 'PREP', 'ADJF', 'ADJF', 'NOUN']",[],0,0
20,"['в', 'это', 'же', 'почти', 'время', 'со', 'мной', 'произошло', 'первое', 'так', 'сказать', 'мое', 'приключение', 'которое', 'я', 'помню', 'так', 'хорошо', 'как', 'будто', 'это', 'случилось', 'только', 'вчера']","['три', 'случая', 'их', 'моего', 'детства', 'когда', 'я', 'находился', 'на', 'волосок', 'от', 'смерти', 'особенно', 'глубоко', 'запечатлелись', 'в', 'моей', 'памяти', 'первое', 'мое', 'приключение', 'я', 'помню', 'так', 'хорошо', 'как', 'будто', 'это', 'случилось', 'только', 'вчера']","[['+', 'три'], ['+', 'случая'], ['+', 'их'], ['+', 'моего'], ['+', 'детства'], ['+', 'когда'], ['+', 'я'], ['+', 'находился'], ['+', 'на'], ['+', 'волосок'], ['+', 'от'], ['+', 'смерти'], ['+', 'особенно'], ['+', 'глубоко'], ['+', 'запечатлелись'], ['в'], ['-', 'это'], ['-', 'же'], ['-', 'почти'], ['-', 'время'], ['-', 'со'], ['-', 'мной'], ['?', '-'], ['+', 'моей'], ['?', '+'], ['-', 'произошло'], ['+', 'памяти'], ['первое'], ['-', 'так'], ['-', 'сказать'], ['мое'], ['приключение'], ['-', 'которое'], ['я'], ['помню'], ['так'], ['хорошо'], ['как'], ['будто'], ['это'], ['случилось'], ['только'], ['вчера']]","['это', 'же', 'почти', 'время', 'со', 'мной', 'произошло', 'так', 'сказать', 'которое']","['три', 'случая', 'их', 'моего', 'детства', 'когда', 'я', 'находился', 'на', 'волосок', 'от', 'смерти', 'особенно', 'глубоко', 'запечатлелись', 'моей', 'памяти']","['PRCL', 'PRCL', 'ADVB', 'NOUN', 'PREP', 'NPRO', 'VERB', 'CONJ', 'INFN', 'ADJF']","['NUMR', 'NOUN', 'NPRO', 'ADJF', 'NOUN', 'CONJ', 'NPRO', 'VERB', 'PREP', 'NOUN', 'PREP', 'NOUN', 'ADVB', 'ADVB', 'VERB', 'ADJF', 'NOUN']",1,1
21,"['не', 'помню', 'уже', 'теперь', 'зачем', 'именно', 'хотелось', 'попасть', 'мне', 'на', 'островок', 'может', 'быть', 'для', 'того', 'чтобы', 'поближе', 'посмотреть', 'на', 'чаек', 'а', 'может', 'быть', 'и', 'просто', 'так', 'осмотреть', 'незнакомое', 'местечко']","['попасть', 'на', 'островок', 'мне', 'хотелось', 'для', 'того', 'чтобы', 'поближе', 'посмотреть', 'на', 'птиц']","[['-', 'не'], ['-', 'помню'], ['-', 'уже'], ['-', 'теперь'], ['-', 'зачем'], ['-', 'именно'], ['-', 'хотелось'], ['попасть'], ['-', 'мне'], ['на'], ['островок'], ['-', 'может'], ['-', 'быть'], ['+', 'мне'], ['+', 'хотелось'], ['для'], ['того'], ['чтобы'], ['поближе'], ['посмотреть'], ['на'], ['+', 'птиц'], ['-', 'чаек'], ['-', 'а'], ['-', 'может'], ['-', 'быть'], ['-', 'и'], ['-', 'просто'], ['-', 'так'], ['-', 'осмотреть'], ['-', 'незнакомое'], ['-', 'местечко']]","['не', 'помню', 'уже', 'теперь', 'зачем', 'именно', 'хотелось', 'мне', 'может', 'быть', 'чаек', 'а', 'может', 'быть', 'и', 'просто', 'так', 'осмотреть', 'незнакомое', 'местечко']","['мне', 'хотелось', 'птиц']","['PRCL', 'VERB', 'ADVB', 'ADVB', 'ADVB', 'PRCL', 'VERB', 'NPRO', 'VERB', 'INFN', 'NOUN', 'CONJ', 'VERB', 'INFN', 'CONJ', 'PRCL', 'CONJ', 'INFN', 'ADJF', 'NOUN']","['NPRO', 'VERB', 'NOUN']",0,3
22,"['правда', 'гарри', 'блю', 'обещал', 'както', 'свозить', 'меня', 'на', 'островок', 'подсмеиваясь', 'над', 'моим', 'желанием', 'посетить', 'подобное', 'место']","['правда', 'гарри', 'блю', 'обещал', 'както', 'свозить', 'меня', 'на', 'островок', 'подсмеиваясь', 'над', 'моим', 'желанием', 'посетить', 'его']","[['правда'], ['гарри'], ['блю'], ['обещал'], ['както'], ['свозить'], ['меня'], ['на'], ['островок'], ['подсмеиваясь'], ['над'], ['моим'], ['желанием'], ['посетить'], ['+', 'его'], ['-', 'подобное'], ['-', 'место']]","['подобное', 'место']",['его'],"['ADJF', 'NOUN']",['NPRO'],0,0
23,"['надо', 'было', 'проплыть', 'три', 'мили', 'над', 'великой', 'пропастью', 'между', 'небом', 'и', 'землей']","['надо', 'было', 'проплыть', 'три', 'мили', 'в', 'открытом', 'море']","[['надо'], ['было'], ['проплыть'], ['три'], ['мили'], ['+', 'в'], ['+', 'открытом'], ['+', 'море'], ['-', 'над'], ['-', 'великой'], ['-', 'пропастью'], ['-', 'между'], ['-', 'небом'], ['-', 'и'], ['-', 'землей']]","['над', 'великой', 'пропастью', 'между', 'небом', 'и', 'землей']","['в', 'открытом', 'море']","['PREP', 'ADJF', 'NOUN', 'PREP', 'NOUN', 'CONJ', 'NOUN']","['PREP', 'ADJF', 'NOUN']",0,1
24,"['если', 'бы', 'живы', 'были', 'мои', 'дорогие', 'отец', 'и', 'мать', 'вечно', 'суровый', 'неприветливый', 'старикдядя', 'мало', 'интересовался', 'мной', 'можно', 'даже', 'сказать', 'совсем', 'не', 'интересовался', 'поэтомуто', 'и', 'к', 'дому', 'его', 'где', 'я', 'жил', 'последнее', 'время', 'меня', 'ничто', 'не', 'привязывало']","['когда', 'умерли', 'мои', 'родители', 'меня', 'взял', 'к', 'себе', 'дядя', 'суровый', 'неприветливый', 'старик', 'который', 'не', 'любил', 'меня', 'и', 'даже', 'тяготился', 'мною', 'поэтому', 'и', 'меня', 'ничто', 'не', 'привязывало', 'к', 'его', 'дому']","[['+', 'когда'], ['+', 'умерли'], ['-', 'если'], ['-', 'бы'], ['-', 'живы'], ['-', 'были'], ['мои'], ['-', 'дорогие'], ['-', 'отец'], ['-', 'и'], ['-', 'мать'], ['-', 'вечно'], ['+', 'родители'], ['+', 'меня'], ['+', 'взял'], ['+', 'к'], ['+', 'себе'], ['+', 'дядя'], ['суровый'], ['неприветливый'], ['-', 'старикдядя'], ['?', '----'], ['+', 'старик'], ['-', 'мало'], ['-', 'интересовался'], ['-', 'мной'], ['-', 'можно'], ['+', 'который'], ['+', 'не'], ['+', 'любил'], ['+', 'меня'], ['+', 'и'], ['даже'], ['+', 'тяготился'], ['+', 'мною'], ['-', 'сказать'], ['-', 'совсем'], ['-', 'не'], ['-', 'интересовался'], ['-', 'поэтомуто'], ['?', '--'], ['+', 'поэтому'], ['и'], ['-', 'к'], ['-', 'дому'], ['-', 'его'], ['-', 'где'], ['-', 'я'], ['-', 'жил'], ['-', 'последнее'], ['-', 'время'], ['меня'], ['ничто'], ['не'], ['привязывало'], ['+', 'к'], ['+', 'его'], ['+', 'дому']]","['если', 'бы', 'живы', 'были', 'дорогие', 'отец', 'и', 'мать', 'вечно', 'старикдядя', 'мало', 'интересовался', 'мной', 'можно', 'сказать', 'совсем', 'не', 'интересовался', 'поэтомуто', 'к', 'дому', 'его', 'где', 'я', 'жил', 'последнее', 'время']","['когда', 'умерли', 'родители', 'меня', 'взял', 'к', 'себе', 'дядя', 'старик', 'который', 'не', 'любил', 'меня', 'и', 'тяготился', 'мною', 'поэтому', 'к', 'его', 'дому']","['CONJ', 'PRCL', 'ADJS', 'VERB', 'ADJF', 'NOUN', 'CONJ', 'NOUN', 'ADVB', 'GRND', 'ADVB', 'VERB', 'NPRO', 'PRED', 'INFN', 'ADVB', 'PRCL', 'VERB', 'PRTS', 'PREP', 'NOUN', 'NPRO', 'ADVB', 'NPRO', 'VERB', 'ADJF', 'NOUN']","['CONJ', 'VERB', 'NOUN', 'NPRO', 'VERB', 'PREP', 'NPRO', 'NOUN', 'NOUN', 'ADJF', 'PRCL', 'VERB', 'NPRO', 'CONJ', 'VERB', 'NPRO', 'ADVB', 'PREP', 'NPRO', 'NOUN']",2,2
25,"['кроме', 'того', 'мне', 'приходилось', 'много', 'работать', 'на', 'ферме', 'а', 'к', 'этому', 'роду', 'жизни', 'я', 'не', 'ощущал', 'ни', 'малейшей', 'склонности']","['кроме', 'того', 'мне', 'целыми', 'днями', 'приходилось', 'пасти', 'скот', 'и', 'работать', 'в', 'поле', 'а', 'к', 'этой', 'работе', 'я', 'не', 'имел', 'ни', 'малейшей', 'склонности']","[['кроме'], ['того'], ['мне'], ['+', 'целыми'], ['+', 'днями'], ['приходилось'], ['-', 'много'], ['+', 'пасти'], ['+', 'скот'], ['+', 'и'], ['работать'], ['-', 'на'], ['-', 'ферме'], ['+', 'в'], ['+', 'поле'], ['а'], ['к'], ['+', 'этой'], ['+', 'работе'], ['-', 'этому'], ['-', 'роду'], ['-', 'жизни'], ['я'], ['не'], ['-', 'ощущал'], ['+', 'имел'], ['ни'], ['малейшей'], ['склонности']]","['много', 'на', 'ферме', 'этому', 'роду', 'жизни', 'ощущал']","['целыми', 'днями', 'пасти', 'скот', 'и', 'в', 'поле', 'этой', 'работе', 'имел']","['ADVB', 'PREP', 'NOUN', 'NPRO', 'NOUN', 'NOUN', 'VERB']","['NOUN', 'ADVB', 'INFN', 'NOUN', 'CONJ', 'PREP', 'NOUN', 'ADJF', 'NOUN', 'VERB']",1,0
26,"['милях', 'в', 'пяти', 'от', 'нашей', 'деревушки', 'дальше', 'по', 'берегу', 'от', 'бухты', 'был', 'расположен', 'большой', 'город', 'это', 'был', 'уже', 'настоящий', 'морской', 'порт', 'куда', 'заходили', 'большие', 'океанские', 'суда', 'ходившие', 'во', 'все', 'части', 'света', 'и', 'перевозившие', 'громадные', 'грузы']","['милях', 'в', 'пяти', 'от', 'нашей', 'деревушки', 'на', 'берегу', 'бухты', 'был', 'расположен', 'девонпорт', 'большой', 'город', 'настоящий', 'морской', 'порт', 'куда', 'заходили', 'большие', 'океанские', 'суда', 'ходившие', 'во', 'все', 'части', 'света', 'и', 'перевозившие', 'громадные', 'грузы']","[['милях'], ['в'], ['пяти'], ['от'], ['нашей'], ['деревушки'], ['+', 'на'], ['-', 'дальше'], ['-', 'по'], ['берегу'], ['-', 'от'], ['бухты'], ['был'], ['расположен'], ['+', 'девонпорт'], ['большой'], ['город'], ['-', 'это'], ['-', 'был'], ['-', 'уже'], ['настоящий'], ['морской'], ['порт'], ['куда'], ['заходили'], ['большие'], ['океанские'], ['суда'], ['ходившие'], ['во'], ['все'], ['части'], ['света'], ['и'], ['перевозившие'], ['громадные'], ['грузы']]","['дальше', 'по', 'от', 'это', 'был', 'уже']","['на', 'девонпорт']","['COMP', 'PREP', 'PREP', 'PRCL', 'VERB', 'ADVB']","['PREP', 'NOUN']",0,0
27,"['раз', 'дядя', 'послал', 'меня', 'в', 'город', 'вместе', 'с', 'работником', 'правившим', 'повозкой', 'наполненной', 'произведениями', 'фермы', 'предназначавшимися', 'к', 'продаже', 'я', 'должен', 'был', 'держать', 'лошадь', 'в', 'поводу', 'пока', 'спутник', 'мой', 'будет', 'заниматься', 'торговлей']","['раз', 'дядя', 'послал', 'меня', 'в', 'город', 'вместе', 'с', 'работником', 'я', 'должен', 'был', 'смотреть', 'за', 'лошадью', 'пока', 'спутник', 'мой', 'будет', 'заниматься', 'продажей', 'капусты', 'репы', 'моркови', 'и', 'других', 'овощей', 'с', 'нашего', 'огорода']","[['раз'], ['дядя'], ['послал'], ['меня'], ['в'], ['город'], ['вместе'], ['с'], ['работником'], ['-', 'правившим'], ['-', 'повозкой'], ['-', 'наполненной'], ['-', 'произведениями'], ['-', 'фермы'], ['-', 'предназначавшимися'], ['-', 'к'], ['-', 'продаже'], ['я'], ['должен'], ['был'], ['-', 'держать'], ['+', 'смотреть'], ['+', 'за'], ['-', 'лошадь'], ['+', 'лошадью'], ['?', '+'], ['-', 'в'], ['-', 'поводу'], ['пока'], ['спутник'], ['мой'], ['будет'], ['заниматься'], ['-', 'торговлей'], ['+', 'продажей'], ['+', 'капусты'], ['+', 'репы'], ['+', 'моркови'], ['+', 'и'], ['+', 'других'], ['+', 'овощей'], ['+', 'с'], ['+', 'нашего'], ['+', 'огорода']]","['правившим', 'повозкой', 'наполненной', 'произведениями', 'фермы', 'предназначавшимися', 'к', 'продаже', 'держать', 'лошадь', 'в', 'поводу', 'торговлей']","['смотреть', 'за', 'лошадью', 'продажей', 'капусты', 'репы', 'моркови', 'и', 'других', 'овощей', 'с', 'нашего', 'огорода']","['PRTF', 'NOUN', 'PRTF', 'NOUN', 'NOUN', 'PRTF', 'PREP', 'NOUN', 'INFN', 'NOUN', 'PREP', 'NOUN', 'NOUN']","['INFN', 'PREP', 'NOUN', 'NOUN', 'NOUN', 'NOUN', 'NOUN', 'CONJ', 'ADJF', 'NOUN', 'PREP', 'ADJF', 'NOUN']",1,0
28,"['впрочем', 'возвращавшиеся', 'из', 'плавания', 'матросы', 'рассказывали', 'мне', 'что', 'в', 'перу', 'прежде', 'всего', 'очень', 'жарко', 'потом', 'говорили', 'еще', 'что', 'там', 'водятся', 'страшные', 'змеи', 'и', 'растут', 'пальмы']","['возвращавшиеся', 'из', 'плавания', 'матросы', 'рассказывали', 'мне', 'что', 'в', 'перу', 'очень', 'жарко', 'что', 'там', 'водятся', 'страшные', 'змеи', 'и', 'растут', 'пальмы']","[['-', 'впрочем'], ['возвращавшиеся'], ['из'], ['плавания'], ['матросы'], ['рассказывали'], ['мне'], ['что'], ['в'], ['перу'], ['-', 'прежде'], ['-', 'всего'], ['очень'], ['жарко'], ['-', 'потом'], ['-', 'говорили'], ['-', 'еще'], ['что'], ['там'], ['водятся'], ['страшные'], ['змеи'], ['и'], ['растут'], ['пальмы']]","['впрочем', 'прежде', 'всего', 'потом', 'говорили', 'еще']",[],"['CONJ', 'ADVB', 'ADVB', 'ADVB', 'VERB', 'PRCL']",[],0,1
29,"['они', 'отмечали', 'что', 'для', 'того', 'чтобы', 'добраться', 'от', 'нас', 'до', 'перу', 'нужно', 'иметь', 'не', 'меньше', 'шести', 'месяцев']","['они', 'отмечали', 'что', 'для', 'того', 'чтобы', 'добраться', 'туда', 'требуется', 'времени', 'не', 'меньше', 'шести', 'месяцев']","[['они'], ['отмечали'], ['что'], ['для'], ['того'], ['чтобы'], ['добраться'], ['+', 'туда'], ['+', 'требуется'], ['+', 'времени'], ['-', 'от'], ['-', 'нас'], ['-', 'до'], ['-', 'перу'], ['-', 'нужно'], ['-', 'иметь'], ['не'], ['меньше'], ['шести'], ['месяцев']]","['от', 'нас', 'до', 'перу', 'нужно', 'иметь']","['туда', 'требуется', 'времени']","['PREP', 'NPRO', 'PREP', 'NOUN', 'PRED', 'INFN']","['ADVB', 'VERB', 'NOUN']",0,0
30,"['убедившись', 'что', 'корабль', 'еще', 'не', 'ушел', 'я', 'смелыми', 'шагами', 'двинулся', 'по', 'широкой', 'доске', 'перекинутой', 'с', 'инки', 'на', 'набережную', 'перешагнув', 'через', 'шкафут', 'я', 'очутился', 'на', 'палубе', 'около', 'большого', 'люка', 'где', 'человек', 'пять', 'или', 'шесть', 'матросов', 'заняты', 'были', 'нагрузкой', 'корабля']","['убедившись', 'что', 'судно', 'еще', 'не', 'ушло', 'я', 'смелыми', 'шагами', 'двинулся', 'по', 'широкой', 'доске', 'перекинутой', 'с', 'инки', 'на', 'набережную', 'и', 'очутился', 'на', 'палубе', 'около', 'большого', 'люка', 'где', 'человек', 'пять', 'или', 'шесть', 'матросов', 'были', 'заняты', 'нагрузкой', 'корабля']","[['убедившись'], ['что'], ['-', 'корабль'], ['+', 'судно'], ['еще'], ['не'], ['-', 'ушел'], ['?', '-'], ['+', 'ушло'], ['?', '+'], ['я'], ['смелыми'], ['шагами'], ['двинулся'], ['по'], ['широкой'], ['доске'], ['перекинутой'], ['с'], ['инки'], ['на'], ['набережную'], ['+', 'и'], ['-', 'перешагнув'], ['-', 'через'], ['-', 'шкафут'], ['-', 'я'], ['очутился'], ['на'], ['палубе'], ['около'], ['большого'], ['люка'], ['где'], ['человек'], ['пять'], ['или'], ['шесть'], ['матросов'], ['+', 'были'], ['заняты'], ['-', 'были'], ['нагрузкой'], ['корабля']]","['корабль', 'ушел', 'перешагнув', 'через', 'шкафут', 'я', 'были']","['судно', 'ушло', 'и', 'были']","['NOUN', 'VERB', 'GRND', 'PREP', 'NOUN', 'NPRO', 'VERB']","['NOUN', 'VERB', 'CONJ', 'VERB']",1,0
31,"['рядом', 'с', 'матросами', 'стоял', 'высокого', 'роста', 'моряк', 'в', 'синем', 'сюртуке', 'и', 'таких', 'же', 'панталонах', 'которого', 'я', 'принял', 'за', 'капитана', 'вообразив', 'себе', 'почемуто', 'что', 'капитан', 'такого', 'красивого', 'корабля', 'должен', 'быть', 'непременно', 'великан', 'одетый', 'именно', 'в', 'такой', 'великолепный', 'костюм']","['рядом', 'с', 'матросами', 'стоял', 'высокого', 'роста', 'моряк', 'в', 'синем', 'сюртуке', 'и', 'таких', 'же', 'панталонах', 'я', 'сразу', 'решил', 'что', 'это', 'капитан']","[['рядом'], ['с'], ['матросами'], ['стоял'], ['высокого'], ['роста'], ['моряк'], ['в'], ['синем'], ['сюртуке'], ['и'], ['таких'], ['же'], ['панталонах'], ['-', 'которого'], ['я'], ['+', 'сразу'], ['+', 'решил'], ['-', 'принял'], ['-', 'за'], ['-', 'капитана'], ['-', 'вообразив'], ['-', 'себе'], ['-', 'почемуто'], ['что'], ['+', 'это'], ['капитан'], ['-', 'такого'], ['-', 'красивого'], ['-', 'корабля'], ['-', 'должен'], ['-', 'быть'], ['-', 'непременно'], ['-', 'великан'], ['-', 'одетый'], ['-', 'именно'], ['-', 'в'], ['-', 'такой'], ['-', 'великолепный'], ['-', 'костюм']]","['которого', 'принял', 'за', 'капитана', 'вообразив', 'себе', 'почемуто', 'такого', 'красивого', 'корабля', 'должен', 'быть', 'непременно', 'великан', 'одетый', 'именно', 'в', 'такой', 'великолепный', 'костюм']","['сразу', 'решил', 'это']","['ADJF', 'VERB', 'PREP', 'NOUN', 'GRND', 'NPRO', 'PRTS', 'ADJF', 'ADJF', 'NOUN', 'ADJS', 'INFN', 'ADVB', 'NOUN', 'ADJF', 'PRCL', 'PREP', 'ADJF', 'ADJF', 'NOUN']","['ADVB', 'VERB', 'PRCL']",0,0
32,"['сначала', 'я', 'совершенно', 'растерялся', 'и', 'стоял', 'несколько', 'минут', 'хорошенько', 'не', 'понимая', 'что', 'делается', 'вокруг', 'меня']","['я', 'совершенно', 'растерялся', 'и', 'стоял', 'не', 'совсем', 'хорошо', 'понимая', 'что', 'делается', 'вокруг', 'меня']","[['-', 'сначала'], ['я'], ['совершенно'], ['растерялся'], ['и'], ['стоял'], ['-', 'несколько'], ['-', 'минут'], ['-', 'хорошенько'], ['не'], ['+', 'совсем'], ['+', 'хорошо'], ['понимая'], ['что'], ['делается'], ['вокруг'], ['меня']]","['сначала', 'несколько', 'минут', 'хорошенько']","['совсем', 'хорошо']","['ADVB', 'ADVB', 'NOUN', 'ADVB']","['ADVB', 'ADVB']",0,0
33,"['вот', 'тутто', 'один', 'из', 'матросов', 'случайно', 'бросил', 'на', 'меня', 'взгляд']","['тут', 'один', 'из', 'матросов', 'случайно', 'бросил', 'на', 'меня', 'взгляд']","[['-', 'вот'], ['-', 'тутто'], ['?', '--'], ['+', 'тут'], ['один'], ['из'], ['матросов'], ['случайно'], ['бросил'], ['на'], ['меня'], ['взгляд']]","['вот', 'тутто']",['тут'],"['PRCL', 'ADJF']",['ADVB'],0,0
34,"['а', 'что', 'мать', 'твоя', 'знает', 'где', 'ты', 'теперь']","['а', 'мать', 'твоя', 'знает', 'где', 'ты', 'теперь']","[['а'], ['-', 'что'], ['мать'], ['твоя'], ['знает'], ['где'], ['ты'], ['теперь']]",['что'],[],['CONJ'],[],0,1
35,"['так', 'ступай', 'к', 'отцу', 'сказал', 'капитан', 'и', 'скажи', 'ему', 'чтобы', 'он', 'как', 'следует', 'отодрал', 'тебя']","['так', 'ступай', 'к', 'отцу', 'сказал', 'капитан', 'и', 'скажи', 'ему', 'чтобы', 'он', 'получше', 'следил', 'за', 'тобой']","[['так'], ['ступай'], ['к'], ['отцу'], ['сказал'], ['капитан'], ['и'], ['скажи'], ['ему'], ['чтобы'], ['он'], ['-', 'как'], ['-', 'следует'], ['-', 'отодрал'], ['-', 'тебя'], ['+', 'получше'], ['+', 'следил'], ['+', 'за'], ['+', 'тобой']]","['как', 'следует', 'отодрал', 'тебя']","['получше', 'следил', 'за', 'тобой']","['CONJ', 'VERB', 'VERB', 'NPRO']","['COMP', 'VERB', 'PREP', 'NPRO']",0,1
36,"['так', 'ступай', 'к', 'бабушке', 'или', 'к', 'тетушке', 'наконец', 'убирайся', 'к', 'черту', 'но', 'только', 'уходи', 'отсюда', 'сию', 'минуту', 'или', 'я', 'прикажу', 'отпустить', 'тебе', 'целую', 'дюжину', 'линьков', 'ну', 'марш', 'слышишь']","['так', 'ступай', 'к', 'бабушке', 'тетушке', 'но', 'только', 'уходи', 'отсюда', 'сию', 'минуту']","[['так'], ['ступай'], ['к'], ['бабушке'], ['-', 'или'], ['-', 'к'], ['тетушке'], ['-', 'наконец'], ['-', 'убирайся'], ['-', 'к'], ['-', 'черту'], ['но'], ['только'], ['уходи'], ['отсюда'], ['сию'], ['минуту'], ['-', 'или'], ['-', 'я'], ['-', 'прикажу'], ['-', 'отпустить'], ['-', 'тебе'], ['-', 'целую'], ['-', 'дюжину'], ['-', 'линьков'], ['-', 'ну'], ['-', 'марш'], ['-', 'слышишь']]","['или', 'к', 'наконец', 'убирайся', 'к', 'черту', 'или', 'я', 'прикажу', 'отпустить', 'тебе', 'целую', 'дюжину', 'линьков', 'ну', 'марш', 'слышишь']",[],"['CONJ', 'PREP', 'ADVB', 'VERB', 'PREP', 'NOUN', 'CONJ', 'NPRO', 'VERB', 'INFN', 'NPRO', 'VERB', 'NOUN', 'NOUN', 'PRCL', 'INTJ', 'VERB']",[],0,2
37,"['не', 'прибавив', 'больше', 'ни', 'слова', 'капитан', 'спустился', 'по', 'лестнице', 'под', 'ют', 'и', 'исчез', 'у', 'меня', 'из', 'глаз']","['не', 'прибавив', 'больше', 'ни', 'слова', 'капитан', 'спустился', 'по', 'лестнице', 'и', 'исчез', 'у', 'меня', 'из', 'глаз']","[['не'], ['прибавив'], ['больше'], ['ни'], ['слова'], ['капитан'], ['спустился'], ['по'], ['лестнице'], ['-', 'под'], ['-', 'ют'], ['и'], ['исчез'], ['у'], ['меня'], ['из'], ['глаз']]","['под', 'ют']",[],"['PREP', 'NOUN']",[],0,0
38,"['если', 'бы', 'я', 'был', 'капитаном', 'я', 'бы', 'тебя', 'взял', 'с', 'собой', 'но', 'видишь', 'ли', 'я', 'стою', 'на', 'баке', 'и', 'ничего', 'сделать', 'для', 'тебя', 'не', 'могу']","['если', 'бы', 'я', 'был', 'капитаном', 'я', 'бы', 'тебя', 'взял', 'с', 'собой', 'теперь', 'же', 'я', 'ничего', 'сделать', 'для', 'тебя', 'не', 'могу']","[['если'], ['бы'], ['я'], ['был'], ['капитаном'], ['я'], ['бы'], ['тебя'], ['взял'], ['с'], ['собой'], ['+', 'теперь'], ['+', 'же'], ['-', 'но'], ['-', 'видишь'], ['-', 'ли'], ['я'], ['-', 'стою'], ['-', 'на'], ['-', 'баке'], ['-', 'и'], ['ничего'], ['сделать'], ['для'], ['тебя'], ['не'], ['могу']]","['но', 'видишь', 'ли', 'стою', 'на', 'баке', 'и']","['теперь', 'же']","['CONJ', 'VERB', 'PRCL', 'VERB', 'PREP', 'NOUN', 'CONJ']","['ADVB', 'PRCL']",0,2
39,"['с', 'этими', 'словами', 'добряк', 'подал', 'мне', 'свой', 'нож', 'а', 'затем', 'вернулся', 'на', 'корабль']","['с', 'этими', 'словами', 'добряк', 'подал', 'мне', 'свой', 'нож', 'и', 'вернулся', 'на', 'корабль']","[['с'], ['этими'], ['словами'], ['добряк'], ['подал'], ['мне'], ['свой'], ['нож'], ['+', 'и'], ['-', 'а'], ['-', 'затем'], ['вернулся'], ['на'], ['корабль']]","['а', 'затем']",['и'],"['CONJ', 'ADVB']",['CONJ'],1,1
40,"['размышления', 'мои', 'были', 'далеко', 'не', 'веселого', 'свойства', 'как', 'вы', 'и', 'сами', 'можете', 'догадаться']","['размышления', 'мои', 'были', 'далеко', 'не', 'веселого', 'свойства']","[['размышления'], ['мои'], ['были'], ['далеко'], ['не'], ['веселого'], ['свойства'], ['-', 'как'], ['-', 'вы'], ['-', 'и'], ['-', 'сами'], ['-', 'можете'], ['-', 'догадаться']]","['как', 'вы', 'и', 'сами', 'можете', 'догадаться']",[],"['CONJ', 'NPRO', 'CONJ', 'ADJF', 'VERB', 'INFN']",[],0,2
41,"['кроме', 'того', 'я', 'видел', 'как', 'матросы', 'смотрели', 'на', 'меня', 'через', 'планшир', 'с', 'насмешливым', 'видом', 'и', 'громко', 'смеялись']","['кроме', 'того', 'я', 'видел', 'как', 'матросы', 'смотрели', 'на', 'меня', 'и', 'громко', 'смеялись']","[['кроме'], ['того'], ['я'], ['видел'], ['как'], ['матросы'], ['смотрели'], ['на'], ['меня'], ['-', 'через'], ['-', 'планшир'], ['-', 'с'], ['-', 'насмешливым'], ['-', 'видом'], ['и'], ['громко'], ['смеялись']]","['через', 'планшир', 'с', 'насмешливым', 'видом']",[],"['PREP', 'NOUN', 'PREP', 'ADJF', 'NOUN']",[],0,0
42,"['мне', 'вспомнилось', 'что', 'я', 'читал', 'как', 'не', 'только', 'детям', 'но', 'даже', 'и', 'взрослым', 'мужчинам', 'удавалось', 'тайком', 'проникнуть', 'в', 'трюм', 'и', 'прятаться', 'там', 'до', 'тех', 'пор', 'пока', 'корабль', 'не', 'выходил', 'в', 'открытое', 'море']","['мне', 'вдруг', 'вспомнилось', 'что', 'я', 'читал', 'как', 'не', 'только', 'детям', 'но', 'даже', 'и', 'взрослым', 'мужчинам', 'удавалось', 'тайком', 'проникнуть', 'в', 'трюм', 'и', 'спрятаться', 'там', 'до', 'тех', 'пор', 'пока', 'корабль', 'не', 'выходил', 'в', 'открытое', 'море']","[['мне'], ['+', 'вдруг'], ['вспомнилось'], ['что'], ['я'], ['читал'], ['как'], ['не'], ['только'], ['детям'], ['но'], ['даже'], ['и'], ['взрослым'], ['мужчинам'], ['удавалось'], ['тайком'], ['проникнуть'], ['в'], ['трюм'], ['и'], ['-', 'прятаться'], ['+', 'спрятаться'], ['?', '+'], ['там'], ['до'], ['тех'], ['пор'], ['пока'], ['корабль'], ['не'], ['выходил'], ['в'], ['открытое'], ['море']]",['прятаться'],"['вдруг', 'спрятаться']",['INFN'],"['ADVB', 'INFN']",0,0
43,"['убедившись', 'что', 'земля', 'далеко', 'и', 'их', 'не', 'могут', 'высадить', 'назад']","['убедившись', 'что', 'земля', 'далеко', 'и', 'их', 'не', 'могут', 'высадить']","[['убедившись'], ['что'], ['земля'], ['далеко'], ['и'], ['их'], ['не'], ['могут'], ['высадить'], ['-', 'назад']]",['назад'],[],['ADVB'],[],0,0
44,"['за', 'исключением', 'помощника', 'капитана', 'никто', 'из', 'матросов', 'никто', 'из', 'матросов', 'не', 'выказал', 'себя', 'жестоким', 'отправлюсь', 'на', 'инке', 'несмотря', 'на', 'нежелание', 'капитана', 'и', 'его', 'помощника', 'взять', 'меня', 'с', 'собой']","['никто', 'из', 'матросов', 'никто', 'из', 'матросов', 'не', 'выказал', 'себя', 'жестоким', 'отправлюсь', 'на', 'инке', 'несмотря', 'на', 'нежелание', 'капитана', 'взять', 'меня', 'с', 'собой']","[['-', 'за'], ['-', 'исключением'], ['-', 'помощника'], ['-', 'капитана'], ['никто'], ['из'], ['матросов'], ['никто'], ['из'], ['матросов'], ['не'], ['выказал'], ['себя'], ['жестоким'], ['отправлюсь'], ['на'], ['инке'], ['несмотря'], ['на'], ['нежелание'], ['капитана'], ['-', 'и'], ['-', 'его'], ['-', 'помощника'], ['взять'], ['меня'], ['с'], ['собой']]","['за', 'исключением', 'помощника', 'капитана', 'и', 'его', 'помощника']",[],"['PREP', 'NOUN', 'NOUN', 'NOUN', 'CONJ', 'NPRO', 'NOUN']",[],0,1
45,"['они', 'правда', 'смеялись', 'надо', 'мной', 'но', 'в', 'сущности', 'это', 'было', 'так', 'естественно', 'а', 'многие', 'из', 'них', 'выказали', 'ко', 'мне', 'даже', 'признаки', 'сочувствия', 'узнав', 'что', 'я', 'сирота']","['они', 'правда', 'смеялись', 'надо', 'мной', 'но', 'многие', 'из', 'них', 'проявили', 'ко', 'мне', 'даже', 'сочувствие', 'узнав', 'что', 'я', 'сирота']","[['они'], ['правда'], ['смеялись'], ['надо'], ['мной'], ['но'], ['-', 'в'], ['-', 'сущности'], ['-', 'это'], ['-', 'было'], ['-', 'так'], ['-', 'естественно'], ['-', 'а'], ['многие'], ['из'], ['них'], ['-', 'выказали'], ['+', 'проявили'], ['ко'], ['мне'], ['даже'], ['-', 'признаки'], ['-', 'сочувствия'], ['?', '^'], ['+', 'сочувствие'], ['?', '^'], ['узнав'], ['что'], ['я'], ['сирота']]","['в', 'сущности', 'это', 'было', 'так', 'естественно', 'а', 'выказали', 'признаки', 'сочувствия']","['проявили', 'сочувствие']","['PREP', 'NOUN', 'PRCL', 'VERB', 'CONJ', 'ADVB', 'CONJ', 'VERB', 'NOUN', 'NOUN']","['VERB', 'NOUN']",0,2
46,"['я', 'погрузился', 'в', 'такой', 'глубокий', 'сон', 'что', 'я', 'думаю', 'меня', 'не', 'в', 'состоянии', 'был', 'бы', 'разбудить', 'трезвон', 'всех', 'колоколов', 'в', 'кантербори']","['я', 'погрузился', 'в', 'глубокий', 'сон']","[['я'], ['погрузился'], ['в'], ['-', 'такой'], ['глубокий'], ['сон'], ['-', 'что'], ['-', 'я'], ['-', 'думаю'], ['-', 'меня'], ['-', 'не'], ['-', 'в'], ['-', 'состоянии'], ['-', 'был'], ['-', 'бы'], ['-', 'разбудить'], ['-', 'трезвон'], ['-', 'всех'], ['-', 'колоколов'], ['-', 'в'], ['-', 'кантербори']]","['такой', 'что', 'я', 'думаю', 'меня', 'не', 'в', 'состоянии', 'был', 'бы', 'разбудить', 'трезвон', 'всех', 'колоколов', 'в', 'кантербори']",[],"['ADJF', 'CONJ', 'NPRO', 'VERB', 'NPRO', 'PRCL', 'PREP', 'NOUN', 'VERB', 'PRCL', 'INFN', 'NOUN', 'ADJF', 'NOUN', 'PREP', 'VERB']",[],0,1
47,"['еще', 'когда', 'я', 'прятался', 'за', 'свою', 'спасательную', 'бочку', 'то', 'заметил', 'что', 'свет', 'проникал', 'через', 'люк', 'до', 'самого', 'дна', 'трюма']","['когда', 'я', 'прятался', 'то', 'заметил', 'что', 'свет', 'проникал', 'через', 'люк', 'до', 'самого', 'дна', 'трюма']","[['-', 'еще'], ['когда'], ['я'], ['прятался'], ['-', 'за'], ['-', 'свою'], ['-', 'спасательную'], ['-', 'бочку'], ['то'], ['заметил'], ['что'], ['свет'], ['проникал'], ['через'], ['люк'], ['до'], ['самого'], ['дна'], ['трюма']]","['еще', 'за', 'свою', 'спасательную', 'бочку']",[],"['PRCL', 'PREP', 'ADJF', 'ADJF', 'NOUN']",[],0,0
48,"['теперь', 'же', 'я', 'положительно', 'ничего', 'не', 'различал', 'вокруг', 'себя', 'значит', 'была', 'еще', 'ночь', 'но', 'в', 'таком', 'же', 'случае', 'который', 'же', 'мог', 'быть', 'теперь', 'час']","['теперь', 'же', 'я', 'положительно', 'ничего', 'не', 'различал', 'вокруг', 'себя', 'значит', 'была', 'еще', 'ночь']","[['теперь'], ['же'], ['я'], ['положительно'], ['ничего'], ['не'], ['различал'], ['вокруг'], ['себя'], ['значит'], ['была'], ['еще'], ['ночь'], ['-', 'но'], ['-', 'в'], ['-', 'таком'], ['-', 'же'], ['-', 'случае'], ['-', 'который'], ['-', 'же'], ['-', 'мог'], ['-', 'быть'], ['-', 'теперь'], ['-', 'час']]","['но', 'в', 'таком', 'же', 'случае', 'который', 'же', 'мог', 'быть', 'теперь', 'час']",[],"['CONJ', 'PREP', 'ADJF', 'PRCL', 'NOUN', 'ADJF', 'PRCL', 'VERB', 'INFN', 'ADVB', 'NOUN']",[],0,1
49,"['впрочем', 'я', 'не', 'особенно', 'был', 'этим', 'удивлен', 'они', 'без', 'сомнения', 'спешили', 'докончить', 'разгрузку']","['без', 'сомнения', 'они', 'спешили', 'докончить', 'разгрузку']","[['-', 'впрочем'], ['-', 'я'], ['-', 'не'], ['-', 'особенно'], ['-', 'был'], ['-', 'этим'], ['-', 'удивлен'], ['-', 'они'], ['без'], ['сомнения'], ['+', 'они'], ['спешили'], ['докончить'], ['разгрузку']]","['впрочем', 'я', 'не', 'особенно', 'был', 'этим', 'удивлен', 'они']",['они'],"['CONJ', 'NPRO', 'PRCL', 'ADVB', 'VERB', 'NPRO', 'ADJS', 'NPRO']",['NPRO'],0,1
50,"['значит', 'все', 'кончено', 'подумал', 'я', 'вероятно', 'они', 'ушли', 'спать', 'а', 'что', 'если', 'я', 'тоже', 'попробую', 'уснуть', 'день', 'еще', 'не', 'наступал', 'иначе', 'и', 'у', 'меня', 'было', 'бы', 'светло', 'но', 'по', 'всей', 'вероятности', 'теперь', 'уже', 'скоро', 'взойдет', 'солнце']","['значит', 'все', 'кончено', 'подумал', 'я', 'вероятно', 'они', 'ушли', 'спать']","[['значит'], ['все'], ['кончено'], ['подумал'], ['я'], ['вероятно'], ['они'], ['ушли'], ['спать'], ['-', 'а'], ['-', 'что'], ['-', 'если'], ['-', 'я'], ['-', 'тоже'], ['-', 'попробую'], ['-', 'уснуть'], ['-', 'день'], ['-', 'еще'], ['-', 'не'], ['-', 'наступал'], ['-', 'иначе'], ['-', 'и'], ['-', 'у'], ['-', 'меня'], ['-', 'было'], ['-', 'бы'], ['-', 'светло'], ['-', 'но'], ['-', 'по'], ['-', 'всей'], ['-', 'вероятности'], ['-', 'теперь'], ['-', 'уже'], ['-', 'скоро'], ['-', 'взойдет'], ['-', 'солнце']]","['а', 'что', 'если', 'я', 'тоже', 'попробую', 'уснуть', 'день', 'еще', 'не', 'наступал', 'иначе', 'и', 'у', 'меня', 'было', 'бы', 'светло', 'но', 'по', 'всей', 'вероятности', 'теперь', 'уже', 'скоро', 'взойдет', 'солнце']",[],"['CONJ', 'CONJ', 'CONJ', 'NPRO', 'ADVB', 'VERB', 'INFN', 'NOUN', 'PRCL', 'PRCL', 'VERB', 'ADVB', 'CONJ', 'PREP', 'NPRO', 'VERB', 'PRCL', 'ADVB', 'CONJ', 'PREP', 'ADJF', 'NOUN', 'ADVB', 'ADVB', 'ADVB', 'VERB', 'NOUN']",[],0,5
51,"['что', 'это', 'значит', 'неужели', 'они', 'опять', 'принимаются', 'за', 'старое', 'право', 'не', 'стоило', 'того', 'и', 'спать', 'ложиться', 'на', 'такой', 'короткий', 'срок', 'эти', 'люди', 'думал', 'я', 'положительно', 'неутомимы']","['что', 'это', 'значит', 'неужели', 'они', 'опять', 'принимаются', 'за', 'работу']","[['что'], ['это'], ['значит'], ['неужели'], ['они'], ['опять'], ['принимаются'], ['за'], ['+', 'работу'], ['-', 'старое'], ['-', 'право'], ['-', 'не'], ['-', 'стоило'], ['-', 'того'], ['-', 'и'], ['-', 'спать'], ['-', 'ложиться'], ['-', 'на'], ['-', 'такой'], ['-', 'короткий'], ['-', 'срок'], ['-', 'эти'], ['-', 'люди'], ['-', 'думал'], ['-', 'я'], ['-', 'положительно'], ['-', 'неутомимы']]","['старое', 'право', 'не', 'стоило', 'того', 'и', 'спать', 'ложиться', 'на', 'такой', 'короткий', 'срок', 'эти', 'люди', 'думал', 'я', 'положительно', 'неутомимы']",['работу'],"['NOUN', 'NOUN', 'PRCL', 'VERB', 'ADJF', 'CONJ', 'INFN', 'INFN', 'PREP', 'ADJF', 'ADJF', 'NOUN', 'ADJF', 'NOUN', 'VERB', 'NPRO', 'ADVB', 'ADJS']",['NOUN'],0,1
52,"['так', 'думал', 'я', 'сначала', 'а', 'потом', 'решил', 'что', 'это', 'по', 'всей', 'вероятности', 'явилась', 'свежая', 'партия', 'рабочих']","['подумал', 'я', 'и', 'решил', 'что', 'по', 'всей', 'вероятности', 'явилась', 'свежая', 'партия', 'рабочих']","[['-', 'так'], ['-', 'думал'], ['+', 'подумал'], ['?', '++'], ['я'], ['+', 'и'], ['-', 'сначала'], ['-', 'а'], ['-', 'потом'], ['решил'], ['что'], ['-', 'это'], ['по'], ['всей'], ['вероятности'], ['явилась'], ['свежая'], ['партия'], ['рабочих']]","['так', 'думал', 'сначала', 'а', 'потом', 'это']","['подумал', 'и']","['CONJ', 'VERB', 'ADVB', 'CONJ', 'ADVB', 'PRCL']","['VERB', 'CONJ']",1,2
53,"['но', 'вот', 'наверху', 'наконец', 'окончилась', 'эта', 'возня']","['но', 'вот', 'на', 'верху', 'наконец', 'возня', 'окончилась']","[['но'], ['вот'], ['+', 'на'], ['-', 'наверху'], ['?', '--'], ['+', 'верху'], ['наконец'], ['+', 'возня'], ['окончилась'], ['-', 'эта'], ['-', 'возня']]","['наверху', 'эта', 'возня']","['на', 'верху', 'возня']","['ADVB', 'ADJF', 'NOUN']","['PREP', 'NOUN', 'NOUN']",0,0
54,"['я', 'воспользовался', 'этим', 'промежутком', 'почти', 'абсолютного', 'безмолвия']","['я', 'воспользовался', 'этим']","[['я'], ['воспользовался'], ['этим'], ['-', 'промежутком'], ['-', 'почти'], ['-', 'абсолютного'], ['-', 'безмолвия']]","['промежутком', 'почти', 'абсолютного', 'безмолвия']",[],"['NOUN', 'ADVB', 'ADJF', 'NOUN']",[],0,0
55,"['вместо', 'адской', 'стукотни', 'с', 'палубы', 'я', 'слышал', 'только', 'какойто', 'скрип', 'и', 'звяканье', 'железа']","['вместо', 'стука', 'с', 'палубы', 'я', 'слышал', 'только', 'какойто', 'скрип', 'и', 'звяканье', 'железа']","[['вместо'], ['+', 'стука'], ['-', 'адской'], ['-', 'стукотни'], ['с'], ['палубы'], ['я'], ['слышал'], ['только'], ['какойто'], ['скрип'], ['и'], ['звяканье'], ['железа']]","['адской', 'стукотни']",['стука'],"['ADJF', 'NOUN']",['NOUN'],0,0
56,"['прислушавшись', 'я', 'убедился', 'что', 'предположение', 'мое', 'верно', 'это', 'в', 'самом', 'деле', 'вертелся', 'шпиль', 'на', 'который', 'наматывали', 'толстую', 'железную', 'цепь', 'несмотря', 'на', 'то', 'что', 'работа', 'производилась', 'довольно', 'далеко', 'от', 'меня', 'я', 'всетаки', 'слышал', 'возню', 'довольно', 'отчетливо', 'и', 'по', 'ней', 'мог', 'определить', 'что', 'происходит', 'в', 'эту', 'минуту', 'на', 'палубе', 'там', 'поднимали', 'якорь']","['на', 'палубе', 'повидимому', 'поднимали', 'якорь']","[['-', 'прислушавшись'], ['-', 'я'], ['-', 'убедился'], ['-', 'что'], ['-', 'предположение'], ['-', 'мое'], ['-', 'верно'], ['-', 'это'], ['-', 'в'], ['-', 'самом'], ['-', 'деле'], ['-', 'вертелся'], ['-', 'шпиль'], ['-', 'на'], ['-', 'который'], ['-', 'наматывали'], ['-', 'толстую'], ['-', 'железную'], ['-', 'цепь'], ['-', 'несмотря'], ['-', 'на'], ['-', 'то'], ['-', 'что'], ['-', 'работа'], ['-', 'производилась'], ['-', 'довольно'], ['-', 'далеко'], ['-', 'от'], ['-', 'меня'], ['-', 'я'], ['-', 'всетаки'], ['-', 'слышал'], ['-', 'возню'], ['-', 'довольно'], ['-', 'отчетливо'], ['-', 'и'], ['-', 'по'], ['-', 'ней'], ['-', 'мог'], ['-', 'определить'], ['-', 'что'], ['-', 'происходит'], ['-', 'в'], ['-', 'эту'], ['-', 'минуту'], ['на'], ['палубе'], ['-', 'там'], ['+', 'повидимому'], ['поднимали'], ['якорь']]","['прислушавшись', 'я', 'убедился', 'что', 'предположение', 'мое', 'верно', 'это', 'в', 'самом', 'деле', 'вертелся', 'шпиль', 'на', 'который', 'наматывали', 'толстую', 'железную', 'цепь', 'несмотря', 'на', 'то', 'что', 'работа', 'производилась', 'довольно', 'далеко', 'от', 'меня', 'я', 'всетаки', 'слышал', 'возню', 'довольно', 'отчетливо', 'и', 'по', 'ней', 'мог', 'определить', 'что', 'происходит', 'в', 'эту', 'минуту', 'там']",['повидимому'],"['GRND', 'NPRO', 'VERB', 'CONJ', 'NOUN', 'ADJF', 'CONJ', 'PRCL', 'PREP', 'ADJF', 'NOUN', 'VERB', 'NOUN', 'PREP', 'ADJF', 'VERB', 'ADJF', 'ADJF', 'NOUN', 'PREP', 'PREP', 'CONJ', 'CONJ', 'NOUN', 'VERB', 'ADVB', 'ADVB', 'PREP', 'NPRO', 'NPRO', 'NOUN', 'VERB', 'NOUN', 'ADVB', 'ADVB', 'CONJ', 'PREP', 'NPRO', 'VERB', 'INFN', 'CONJ', 'VERB', 'PREP', 'ADJF', 'NOUN', 'ADVB']",['ADJF'],0,6
57,"['я', 'знал', 'что', 'корабли', 'вообще', 'берут', 'лоцмана', 'и', 'потому', 'вполне', 'возможно', 'что', 'и', 'у', 'нас', 'был', 'также', 'лоцман', 'значит', 'если', 'я', 'сделаю', 'неосторожность', 'и', 'покажусь', 'на', 'палубе', 'раньше', 'чем', 'лоцман', 'покинет', 'корабль', 'то', 'само', 'собой', 'разумеется', 'капитан', 'воспользуется', 'этим', 'случаем', 'и', 'на', 'лоцманской', 'лодке', 'отправит', 'меня', 'на', 'берег']","['я', 'знал', 'что', 'если', 'я', 'сделаю', 'неосторожность', 'и', 'покажусь', 'на', 'палубе', 'раньше', 'чем', 'лоцман', 'покинет', 'корабль', 'то', 'само', 'собой', 'разумеется', 'капитан', 'воспользуется', 'этим', 'случаем', 'и', 'на', 'лоцманской', 'лодке', 'отправит', 'меня', 'на', 'берег']","[['я'], ['знал'], ['что'], ['-', 'корабли'], ['-', 'вообще'], ['-', 'берут'], ['-', 'лоцмана'], ['-', 'и'], ['-', 'потому'], ['-', 'вполне'], ['-', 'возможно'], ['-', 'что'], ['-', 'и'], ['-', 'у'], ['-', 'нас'], ['-', 'был'], ['-', 'также'], ['-', 'лоцман'], ['-', 'значит'], ['если'], ['я'], ['сделаю'], ['неосторожность'], ['и'], ['покажусь'], ['на'], ['палубе'], ['раньше'], ['чем'], ['лоцман'], ['покинет'], ['корабль'], ['то'], ['само'], ['собой'], ['разумеется'], ['капитан'], ['воспользуется'], ['этим'], ['случаем'], ['и'], ['на'], ['лоцманской'], ['лодке'], ['отправит'], ['меня'], ['на'], ['берег']]","['корабли', 'вообще', 'берут', 'лоцмана', 'и', 'потому', 'вполне', 'возможно', 'что', 'и', 'у', 'нас', 'был', 'также', 'лоцман', 'значит']",[],"['NOUN', 'ADVB', 'VERB', 'NOUN', 'CONJ', 'ADVB', 'ADVB', 'CONJ', 'CONJ', 'CONJ', 'PREP', 'NPRO', 'VERB', 'CONJ', 'NOUN', 'CONJ']",[],0,6
58,"['пока', 'я', 'предавался', 'этим', 'размышлениям', 'я', 'почувствовал', 'что', 'со', 'мной', 'творится', 'чтото', 'неладное']","['предаваясь', 'этим', 'размышлениям', 'я', 'почувствовал', 'что', 'со', 'мной', 'творится', 'чтото', 'неладное']","[['-', 'пока'], ['-', 'я'], ['-', 'предавался'], ['?', '^', '^'], ['+', 'предаваясь'], ['?', '^', '^'], ['этим'], ['размышлениям'], ['я'], ['почувствовал'], ['что'], ['со'], ['мной'], ['творится'], ['чтото'], ['неладное']]","['пока', 'я', 'предавался']",['предаваясь'],"['ADVB', 'NPRO', 'VERB']",['GRND'],0,0
59,"['мне', 'казалось', 'что', 'легким', 'моим', 'не', 'хватало', 'места', 'в', 'моей', 'больной', 'груди', 'я', 'задыхался']","['я', 'задыхался']","[['-', 'мне'], ['-', 'казалось'], ['-', 'что'], ['-', 'легким'], ['-', 'моим'], ['-', 'не'], ['-', 'хватало'], ['-', 'места'], ['-', 'в'], ['-', 'моей'], ['-', 'больной'], ['-', 'груди'], ['я'], ['задыхался']]","['мне', 'казалось', 'что', 'легким', 'моим', 'не', 'хватало', 'места', 'в', 'моей', 'больной', 'груди']",[],"['NPRO', 'CONJ', 'CONJ', 'NOUN', 'ADJF', 'PRCL', 'VERB', 'NOUN', 'PREP', 'ADJF', 'ADJF', 'NOUN']",[],0,2
60,"['естественно', 'жажда', 'удесятеряла', 'мои', 'страдания']","['жажда', 'удесятеряла', 'мои', 'страдания']","[['-', 'естественно'], ['жажда'], ['удесятеряла'], ['мои'], ['страдания']]",['естественно'],[],['ADVB'],[],0,0
61,"['наверное', 'подумал', 'я', 'лоцман', 'уже', 'вернулся', 'на', 'берег', 'но', 'уехал', 'он', 'или', 'нет', 'а', 'я', 'выносить', 'этого', 'больше', 'не', 'могу']","['я', 'выносить', 'этого', 'больше', 'не', 'могу']","[['-', 'наверное'], ['-', 'подумал'], ['-', 'я'], ['-', 'лоцман'], ['-', 'уже'], ['-', 'вернулся'], ['-', 'на'], ['-', 'берег'], ['-', 'но'], ['-', 'уехал'], ['-', 'он'], ['-', 'или'], ['-', 'нет'], ['-', 'а'], ['я'], ['выносить'], ['этого'], ['больше'], ['не'], ['могу']]","['наверное', 'подумал', 'я', 'лоцман', 'уже', 'вернулся', 'на', 'берег', 'но', 'уехал', 'он', 'или', 'нет', 'а']",[],"['ADVB', 'VERB', 'NPRO', 'NOUN', 'ADVB', 'VERB', 'PREP', 'NOUN', 'CONJ', 'VERB', 'NPRO', 'CONJ', 'PRED', 'CONJ']",[],0,3
62,"['и', 'я', 'поднялся', 'и', 'начал', 'ощупью', 'ползти', 'вдоль', 'большого', 'бочонка']","['с', 'этой', 'мыслью', 'я', 'поднялся', 'и', 'начал', 'ощупью', 'ползти', 'вдоль', 'большого', 'бочонка']","[['-', 'и'], ['+', 'с'], ['+', 'этой'], ['+', 'мыслью'], ['я'], ['поднялся'], ['и'], ['начал'], ['ощупью'], ['ползти'], ['вдоль'], ['большого'], ['бочонка']]",['и'],"['с', 'этой', 'мыслью']",['CONJ'],"['PREP', 'ADJF', 'NOUN']",0,1
